{"cameraMode":{"drawMode":0,"name":"Shaded","section":"Shading Mode"},"sceneLighting":false,"audioPlay":false,"sceneViewState":{"m_AlwaysRefresh":false,"showFog":true,"showSkybox":true,"showFlares":true,"showImageEffects":true,"showParticleSystems":true,"showVisualEffectGraphs":true,"m_FxEnabled":true},"in2DMode":false,"pivot":{"x":0.022872045636177064,"y":0.13624036312103272,"z":0.35851722955703738},"rotation":{"x":-0.5060200691223145,"y":-0.036652371287345889,"z":0.020351199433207513,"w":-0.8619567155838013},"size":0.9848860502243042,"orthographic":false}